{"name":"VegetarianDish","identifier":"T92IBIP8PQ","description":null,"slotTypeName":"VegetarianType","obfuscationSetting":null,"valueElicitationSetting":{"slotCaptureSetting":{"codeHook":null,"captureResponse":null,"captureNextStep":{"intent":{"name":null,"slots":null},"sessionAttributes":null,"dialogAction":{"type":"ElicitSlot","slotToElicit":"Quantity","suppressNextMessage":null}},"captureConditional":null,"failureResponse":null,"failureNextStep":{"intent":{"name":"FallbackIntent","slots":null},"sessionAttributes":null,"dialogAction":{"type":"StartIntent","slotToElicit":null,"suppressNextMessage":null}},"failureConditional":null,"elicitationCodeHook":{"enableCodeHookInvocation":true,"invocationLabel":null}},"promptSpecification":{"messageGroupsList":[{"message":{"ssmlMessage":null,"customPayload":null,"plainTextMessage":{"value":"What Type of dish are you looking for? ( White Sauce Pasta , Curried Cauliflower Quinoa Salad , Gobi Manchurian)"},"imageResponseCard":null},"variations":null}],"maxRetries":4,"allowInterrupt":true,"messageSelectionStrategy":"Random","promptAttemptsSpecification":{"Retry1":{"textInputSpecification":{"startTimeoutMs":30000},"allowedInputTypes":{"allowAudioInput":true,"allowDTMFInput":true},"audioAndDTMFInputSpecification":{"audioSpecification":{"endTimeoutMs":640,"maxLengthMs":15000},"startTimeoutMs":4000,"dtmfSpecification":{"maxLength":513,"endTimeoutMs":5000,"deletionCharacter":"*","endCharacter":"#"}},"allowInterrupt":true},"Retry2":{"textInputSpecification":{"startTimeoutMs":30000},"allowedInputTypes":{"allowAudioInput":true,"allowDTMFInput":true},"audioAndDTMFInputSpecification":{"audioSpecification":{"endTimeoutMs":640,"maxLengthMs":15000},"startTimeoutMs":4000,"dtmfSpecification":{"maxLength":513,"endTimeoutMs":5000,"deletionCharacter":"*","endCharacter":"#"}},"allowInterrupt":true},"Retry3":{"textInputSpecification":{"startTimeoutMs":30000},"allowedInputTypes":{"allowAudioInput":true,"allowDTMFInput":true},"audioAndDTMFInputSpecification":{"audioSpecification":{"endTimeoutMs":640,"maxLengthMs":15000},"startTimeoutMs":4000,"dtmfSpecification":{"maxLength":513,"endTimeoutMs":5000,"deletionCharacter":"*","endCharacter":"#"}},"allowInterrupt":true},"Retry4":{"textInputSpecification":{"startTimeoutMs":30000},"allowedInputTypes":{"allowAudioInput":true,"allowDTMFInput":true},"audioAndDTMFInputSpecification":{"audioSpecification":{"endTimeoutMs":640,"maxLengthMs":15000},"startTimeoutMs":4000,"dtmfSpecification":{"maxLength":513,"endTimeoutMs":5000,"deletionCharacter":"*","endCharacter":"#"}},"allowInterrupt":true},"Initial":{"textInputSpecification":{"startTimeoutMs":30000},"allowedInputTypes":{"allowAudioInput":true,"allowDTMFInput":true},"audioAndDTMFInputSpecification":{"audioSpecification":{"endTimeoutMs":640,"maxLengthMs":15000},"startTimeoutMs":4000,"dtmfSpecification":{"maxLength":513,"endTimeoutMs":5000,"deletionCharacter":"*","endCharacter":"#"}},"allowInterrupt":true}}},"slotConstraint":"Required","defaultValueSpecification":null,"sampleUtterances":[{"utterance":"vegetarian"},{"utterance":"Vegetarian"},{"utterance":"Vegetarian dish"},{"utterance":"veg dish"},{"utterance":"veg"}],"waitAndContinueSpecification":null},"multipleValuesSetting":null}